firstName,lastName,email,gender,country
Kenneth,Ernser,Pearlie.Grady@gmail.com,male,Bosnia and Herzegovina
Betsy,Schmidt,Keira48@yahoo.com,female,Niger
Todd,Ortiz,Hailee_Denesik@yahoo.com,male,Moldova
Claire,Parisian,Eulah71@yahoo.com,female,Mexico
Samuel,Krajcik,Alexandrea.Hayes20@gmail.com,male,Guinea-Bissau
Douglas,Pfannerstill,Darrick.Streich94@gmail.com,male,Hungary
Kristin,Willms,Nyasia0@hotmail.com,female,Saint Vincent and the Grenadines
Preston,Krajcik,Sandra41@hotmail.com,male,Cameroon
Gloria,Conroy,Myrtie.Sawayn-Turcotte@gmail.com,female,Philippines
Mattie,Lockman,Flavio47@yahoo.com,female,Niger
Ella,Gerhold,Alexis95@yahoo.com,female,Fiji
Nathaniel,Hettinger,Linda_Ferry70@gmail.com,male,Aland Islands
Melvin,Heaney,Theodore_Conn-Satterfield@gmail.com,male,Gambia
Alton,Schaefer,Xavier.Thompson7@gmail.com,male,Brazil
Terry,Waters,Avery_Wunsch@hotmail.com,male,Romania
Martin,Roob,Frederick.Borer@hotmail.com,male,Marshall Islands
Sarah,Weimann,Major_Rowe@hotmail.com,female,Switzerland
Shannon,Trantow,Jorge.Strosin98@hotmail.com,male,"Virgin Islands, U.S."
Raymond,Murray,Hallie_Romaguera35@gmail.com,male,Vanuatu
Rosie,Marvin,Greg65@gmail.com,female,Macao
Meredith,Will,Osvaldo_Kilback69@yahoo.com,female,Turkey
Rita,Lynch,Lessie.Schneider@yahoo.com,female,Grenada
Jack,Kovacek,Francis42@yahoo.com,male,Costa Rica
Christine,Okuneva,Alfredo98@gmail.com,female,Lao People's Democratic Republic
Sherri,Hansen,Antonia2@gmail.com,female,Guadeloupe
Jerry,Rice,Myrl_Ledner@hotmail.com,male,Colombia
Valerie,Sauer,Coy_Stokes44@gmail.com,female,Slovenia
William,White,Emelie_Rodriguez24@gmail.com,male,"Virgin Islands, British"
Violet,Spinka-Borer,Adolphus_Mosciski@hotmail.com,female,Democratic People's Republic of Korea
Lillie,Wuckert,Alana26@yahoo.com,female,Mali
Christie,Stiedemann,Emely.Purdy5@gmail.com,female,Northern Mariana Islands
Johnathan,Bergstrom,Bartholome61@gmail.com,male,Estonia
Yvette,Kshlerin,Ewell_Dooley@gmail.com,female,Netherlands
Diane,Upton,Macey_Gutkowski@yahoo.com,female,Palestine
Elisa,Nikolaus,Otis_Wehner60@gmail.com,female,Tanzania
Eddie,Powlowski,Clovis_Moen51@gmail.com,male,Saint Barthelemy
Kimberly,Glover,Clotilde.Hamill6@yahoo.com,female,Palestine
Alvin,Brekke-Conn,Novella66@yahoo.com,male,Gibraltar
Ervin,Weber,Arely_Bode@yahoo.com,male,Slovakia
Bessie,Ullrich,Stephon33@yahoo.com,female,Sweden
Alvin,Wyman,Melyna_Lueilwitz@yahoo.com,male,Western Sahara
Erica,Metz,Yessenia33@hotmail.com,female,Guam
Jody,Schmeler,Meda_Parker71@hotmail.com,female,Cocos (Keeling) Islands
Monique,Braun-Effertz,Austin_Kunze22@hotmail.com,female,Qatar
Patsy,Bechtelar,Melvina.Cummerata19@hotmail.com,female,Eritrea
Kristina,Johnston,Rogelio_Schinner@yahoo.com,female,Pitcairn Islands
Blanca,Schaden,Brandy_Batz@yahoo.com,female,Somalia
Kelley,Kirlin,Issac.Hahn@yahoo.com,female,Cape Verde
Kent,White,Alfreda2@gmail.com,male,Iraq
Agnes,Cruickshank,Dennis26@hotmail.com,female,Romania